<?xml version="1.0" encoding="ISO-8859-1"?>

<!--
   Copyright (C) 2011 European Space Agency (ESA)
   Copyright (C) 2011 Consultant
   
   Permission is granted to copy, distribute and/or modify this document
   under the terms of the GNU Free Documentation License, Version 1.3
   or any later version published by the Free Software Foundation;
   with no Invariant Sections, no Front-Cover Texts, and no Back-Cover Texts.
   A copy of the license is included in the section entitled "GNU
   Free Documentation License".
-->


<para>
<table frame='all'>
<title>Recommended Prefixes (informative)</title>
<tgroup cols='2' align='left' rowsep='1'>
<colspec colname='c1' colsep='1' colwidth='1*'/>
<colspec colname='c2' colsep='1' colwidth='5*'/>
<thead>
<row>
  <entry align='center'>PREFIX</entry>
  <entry align='center'>NAMESPACE</entry>
</row>
</thead>
<tbody>

<row>
  <entry>
  <constant>xfdu</constant>
  </entry>
  <entry>
  <constant>urn:ccsds:schema:xfdu:1</constant>
  </entry>
</row>
<row>
  <entry>
  <constant>sentinel-safe</constant>
  </entry>
  <entry>
  <constant>http://www.esa.int/safe/sentinel-1.0</constant>
  </entry>
</row>

</tbody>
</tgroup>
</table>
</para>
