<?xml version="1.0" encoding="ISO-8859-1"?>

<!--
   Copyright (C) 2011 European Space Agency (ESA)
   Copyright (C) 2011 GAEL Consultant

   Permission is granted to copy, distribute and/or modify this document
   under the terms of the GNU Free Documentation License, Version 1.3
   or any later version published by the Free Software Foundation;
   with no Invariant Sections, no Front-Cover Texts, and no Back-Cover Texts.
   A copy of the license is included in the section entitled "GNU
   Free Documentation License".
-->

<listitem>
   <para>
   All <classname>contentUnit</classname> elements (children of
   <classname>informationPackageMap</classname> element) are bound to
   <constant>urn:ccsds:schema:xfdu:1</constant> namespace.
   </para>
</listitem>
