<?xml version="1.0" encoding="ISO-8859-1"?>

<!--
   Copyright (C) 2011 European Space Agency (ESA)
   Copyright (C) 2011 GAEL Consultant

   Permission is granted to copy, distribute and/or modify this document
   under the terms of the GNU Free Documentation License, Version 1.3
   or any later version published by the Free Software Foundation;
   with no Invariant Sections, no Front-Cover Texts, and no Back-Cover Texts.
   A copy of the license is included in the section entitled "GNU
   Free Documentation License".
-->

<section><title>Conventions Used in the Type Reference Parts</title>

   <section><title>General</title>
   <para>
   All types defined or altered by the present specifications are described in
   this book. All other unaltered types such as those from <xref linkend="xfdu" />
   may not be repeated in the present book and should be considered implicitly
   inherited and, therefore, unchanged.
   </para>
   </section>

   <section><title>Synopsis</title>
      <para>
      The Synopsis provides an overview of the described type as a summary table
      for simple types or as a <xref linkend="uml" /> like class diagram for
      complex ones. Simple type synopsis table reports the base type from witch
      the current type could derive, the lexical enumerations and patterns that
      may restrict the value content of the type and the facets i.e. type
      dependent constrains, including enumerations, fraction-digits, length
      extents, inclusive or exclusive bounds and whitespace policy.
      </para>
      <para>
      Complex type <xref linkend="uml" /> like class diagrams provides a
      graphical drawing of the elements and attributes that compose it, the
      interconnections between all of them including the cardinality i.e. number
      of allowed elements, controlling the Complex type structure.
      </para>
      <para>
        <mediaobject>
          <imageobject role="fo">
            <imagedata fileref="example.svg"
                       format="SVG"
                       align="center"/>
          </imageobject>
          <imageobject>
            <imagedata fileref="shared/preface/example.png"
                       format="PNG"
                       align="center"/>
          </imageobject>
          <caption>
          houseType Content Model Example
          </caption>
        </mediaobject>
      </para>
      <para>
      The name of the entity (type, element or attribute) is always:
      <programlisting>
         <emphasis>element-name[0..1]</emphasis> : <emphasis>namespace-name</emphasis>:<emphasis>element-type-name</emphasis>
      </programlisting>
      <example>
         <title>
         Entity Naming in the Synopsis
         </title>
         <programlisting>
              : namespaceN:houseType
              room : namespaceN:roomType
         </programlisting>
      </example>
      </para>

      <section><title>Referenced Type</title>
      <para>
      The referenced type is colored (<classname>:
      namespaceN:houseType</classname> in the example).
      </para>
      <para>
      A type can hold attributes (<classname>color :
      namespaceN:colorType</classname> in the example).
      </para>
      <para>
      An attribute can hold a cardinality according to the <xref
      linkend="xsd-1-biblio"/>.
      </para>
      </section>

      <section><title>Connector</title>
      <para>
      If the referenced type is a complex type (i.e. have sub-elements), the
      nature of the connector is specified in the yellow circle:
      <table frame='all'>
         <title>Connector List</title>
         <tgroup cols='2' align='left' rowsep='1'>
         <colspec colname='c1' colsep='1' colwidth='1*'/>
         <colspec colname='c2' colsep='1' colwidth='2*'/>
         <thead>
         <row>
           <entry align='center'>Used Abbreviation</entry>
           <entry align='center'>Name</entry>
         </row>
         </thead>
         <tbody>
         <row>
           <entry>S</entry>
           <entry><classname>xs:sequence</classname></entry>
         </row>
         <row>
           <entry>C</entry>
           <entry><classname>xs:choice</classname></entry>
         </row>
         <row>
           <entry>A</entry>
           <entry><classname>xs:all</classname></entry>
         </row>
         <row>
           <entry>*</entry>
           <entry><classname>xs:any</classname></entry>
         </row>
         </tbody>
         </tgroup>
      </table>
      The connector may hold a cardinality according to the <xref
      linkend="xsd-1-biblio"/>.
      </para>
      </section>

      <section><title>Sub-elements</title>
      <para>
      Sub-elements are colorless (<classname>livingRoom :
      namespaceN:livingRoomType</classname>, <classname>chimney :
      namespaceN:chimneyType</classname> and <classname>room :
      namespaceN:roomType</classname> in the example).
      </para>
      <para>
      A sub-element can hold attributes (<classname>TV :
      namespace:TVType</classname> in the example).
      </para>
      <para>
      A sub-element can hold a cardinality according to the <xref
      linkend="xsd-1-biblio"/>.
      </para>
      <para>
      An attribute of a sub-element can hold a cardinality according to the
      <xref linkend="xsd-1-biblio"/>.
      </para>
      </section>

      <section><title>Cardinality Notations</title>
      <para>
      Notation of the cardinality differs for connectors, elements and
      attributes:
      <table frame='all'>
         <title>Cardinality Notations for Element and Connector</title>
         <tgroup cols='2' align='left' rowsep='1'>
         <colspec colname='c1' colsep='1' colwidth='1*'/>
         <colspec colname='c2' colsep='1' colwidth='2*'/>
         <thead>
         <row>
           <entry align='center'>Used Notation</entry>
           <entry align='center'>Description</entry>
         </row>
         </thead>
         <tbody>
         <row>
           <entry><emphasis>none</emphasis></entry>
           <entry>one occurrence</entry>
         </row>
         <row>
           <entry>n</entry>
           <entry>n occurrences</entry>
         </row>
         <row>
           <entry>*</entry>
           <entry>from 0 to unbounded occurrences</entry>
         </row>
         <row>
           <entry>1..*</entry>
           <entry>from 1 to unbounded occurrences</entry>
         </row>
         <row>
           <entry>n..*</entry>
           <entry>from n to unbounded occurrences</entry>
         </row>
         </tbody>
         </tgroup>
      </table>
      <table frame='all'>
         <title>Cardinality Notations for Attribute</title>
         <tgroup cols='2' align='left' rowsep='1'>
         <colspec colname='c1' colsep='1' colwidth='1*'/>
         <colspec colname='c2' colsep='1' colwidth='2*'/>
         <thead>
         <row>
           <entry align='center'>Used Notation</entry>
           <entry align='center'>Description</entry>
         </row>
         </thead>
         <tbody>
         <row>
           <entry><emphasis>none</emphasis></entry>
           <entry>use="required"</entry>
         </row>
         <row>
           <entry>[0..1]</entry>
           <entry>use="optional"</entry>
         </row>
         </tbody>
         </tgroup>
      </table>
      </para>
      </section>
   </section>

</section>
